{"initial_reset_timestamp": 1893262.490335636, "timestamps": [1893675.139858322], "episode_lengths": [197], "episode_rewards": [-110.79204161170311], "episode_types": ["t", "t"]}